0,1,2,3,4
Hoodie,Boots,,,
Clutch,Heels,Hat,,
Earrings,Necklace,Jacket,Hat,Tank Top
Skirt,Boots,T-shirt,Beanie,Leggings
Sweatshirt,Jacket,Leggings,,
Clutch,,,,
T-shirt,,,,
Leggings,Scarf,,,
Scarf,Beanie,Leggings,Earrings,
Beanie,Hat,Hoodie,Heels,
Leggings,Hoodie,Skirt,,
Sneakers,Skirt,Leggings,,
Sweatshirt,,,,
Sneakers,Hat,Bracelet,Scarf,
Bracelet,Earrings,Scarf,Skirt,
Beanie,Tank Top,,,
Heels,Leggings,Clutch,Shorts,
Clutch,,,,
Scarf,Necklace,Beanie,Bracelet,T-shirt
Earrings,,,,
Tank Top,Shorts,Clutch,Bracelet,
Scarf,Sweatshirt,Jeans,Beanie,Skirt
Sweatshirt,Sneakers,Hat,Jeans,Leggings
Leggings,Hat,Tank Top,,
Beanie,T-shirt,Leggings,,
Hat,,,,
Earrings,,,,
Boots,Jacket,Hat,Earrings,Beanie
Bracelet,Hoodie,Hat,,
Necklace,Heels,Boots,Scarf,Hoodie
Jeans,,,,
Jeans,Sneakers,Sweatshirt,,
Dress,Hoodie,,,
Leggings,Jacket,Boots,,
Hat,Leggings,Bracelet,,
Hoodie,Shorts,Necklace,Scarf,
Hoodie,Hat,Jacket,Jeans,Clutch
T-shirt,Beanie,Bracelet,Clutch,
Hat,T-shirt,Skirt,Tank Top,Dress
Necklace,,,,
Jeans,,,,
Hat,,,,
Beanie,Shorts,Tank Top,Hat,Dress
T-shirt,,,,
Necklace,,,,
Bracelet,Earrings,Sneakers,Tank Top,Clutch
Clutch,Heels,Sweatshirt,,
Skirt,Necklace,T-shirt,,
Necklace,Dress,Earrings,Jacket,
Beanie,Clutch,,,
Clutch,Bracelet,Skirt,,
Jacket,Bracelet,,,
Bracelet,Shorts,Hat,,
Scarf,Jacket,Beanie,Earrings,Bracelet
Hoodie,Earrings,,,
Dress,Skirt,Clutch,T-shirt,
Necklace,Jeans,Bracelet,Dress,
Sweatshirt,Scarf,,,
Dress,Sneakers,Hoodie,Sweatshirt,
Heels,Hat,Earrings,Jeans,Clutch
Beanie,,,,
Beanie,Scarf,Sneakers,Leggings,
Sneakers,Leggings,Dress,,
Clutch,Hat,,,
Hoodie,Sweatshirt,Dress,Shorts,Sneakers
Earrings,Boots,Sneakers,Scarf,
Bracelet,,,,
Earrings,Hat,Sneakers,,
Jeans,Scarf,,,
Jeans,Sneakers,Shorts,,
Boots,Leggings,Jacket,,
Jacket,,,,
Hoodie,Sweatshirt,Scarf,Jeans,Beanie
Scarf,Bracelet,Tank Top,Jacket,
Scarf,Tank Top,Clutch,Jeans,Beanie
Sneakers,Leggings,T-shirt,Jeans,
Hoodie,Bracelet,Hat,Jacket,Shorts
Hoodie,,,,
Sweatshirt,Boots,Necklace,,
Sweatshirt,Necklace,Dress,Boots,
Hat,Beanie,Jacket,Clutch,
Hoodie,Tank Top,,,
T-shirt,Skirt,Hat,Jacket,Jeans
Dress,,,,
Necklace,Hat,T-shirt,,
Sneakers,T-shirt,,,
Dress,Sneakers,Tank Top,Scarf,Hoodie
Sneakers,,,,
Skirt,Beanie,Heels,Hat,Leggings
T-shirt,Sweatshirt,Sneakers,,
Hoodie,Jeans,Skirt,Hat,Tank Top
Skirt,Dress,,,
Leggings,Jeans,,,
Earrings,,,,
Heels,Hoodie,Shorts,,
Clutch,Sneakers,,,
T-shirt,Sweatshirt,Dress,Necklace,
Earrings,Clutch,Hoodie,,
Beanie,Shorts,Skirt,Hoodie,
Tank Top,,,,
Jacket,Earrings,T-shirt,,
T-shirt,Tank Top,,,
Dress,T-shirt,Hat,Heels,Sneakers
Skirt,T-shirt,Bracelet,Jeans,Hoodie
Clutch,,,,
Leggings,Dress,,,
Beanie,Shorts,Jeans,T-shirt,Sweatshirt
Bracelet,,,,
T-shirt,Jacket,,,
Beanie,Heels,Tank Top,Bracelet,Dress
Shorts,Skirt,Earrings,,
Sweatshirt,,,,
Bracelet,Shorts,Earrings,Tank Top,T-shirt
Sweatshirt,Heels,,,
Hoodie,T-shirt,,,
Hat,Sweatshirt,Boots,Scarf,Necklace
Dress,,,,
Dress,Necklace,Earrings,,
Scarf,,,,
Scarf,,,,
Scarf,Hat,Bracelet,Jacket,Boots
Sneakers,Hat,,,
Skirt,Tank Top,Boots,,
Boots,,,,
Heels,Tank Top,Jacket,Necklace,Sweatshirt
Skirt,Dress,,,
Jeans,Necklace,T-shirt,Jacket,
Hat,T-shirt,Scarf,,
Bracelet,Sweatshirt,Jeans,Scarf,
Hat,Heels,Clutch,Shorts,
Hat,Beanie,Sweatshirt,T-shirt,
Skirt,Earrings,Necklace,Scarf,Heels
Shorts,,,,
Leggings,Clutch,Dress,,
Skirt,Hat,Boots,,
Boots,Hat,Tank Top,,
Boots,,,,
Hoodie,Sneakers,Boots,Sweatshirt,Shorts
Necklace,Clutch,Sneakers,Jeans,
Bracelet,Hat,T-shirt,,
Jacket,Jeans,Dress,Boots,
Scarf,Shorts,Necklace,Leggings,Sweatshirt
Heels,Sneakers,Shorts,Beanie,Leggings
Sweatshirt,Tank Top,,,
Bracelet,,,,
Sneakers,Hoodie,,,
Tank Top,Dress,Hoodie,Skirt,
Shorts,Hoodie,Heels,,
Shorts,Bracelet,,,
Earrings,T-shirt,,,
